{
    "plain_execution_times": [
        "1": 0.0010,
        "2": 0.0000,
        "3": 0.1440,
        "4": 2.5650,
        "5": 0.0000,
        "6": 0.0000,
        "7": 0.6300,
        "8": 0.0182,
        "9": 0.0840,
        "10":2.0230,
        "11": 0.0090,
        "12": 10.3640,
        "13": 0.0000,
        "14": 0.0000,
        "15": 0.0000,
        "16": 0.0000,
        "17": 0.0000,
        "18": 0.0000,
        "19": 0.0000,
        "20": 0.0000,
        "21": 0.0000,
        "22": 0.0000,
        "23": 0.0000,
        "24": 0.0000,
        "25": 0.0000,
        "26": 0.0000,
        "27": 0.0000,
        "28": 0.0000,
        "29": 0.0000,
        "30": 0.0000,
        "31": 0.0000,
        "32": 0.0000,
        "33": 0.0000,
        "34": 0.0000,
        "35": 0.0000,
        "36": 0.0000,
        "37": 0.0000,
        "38": 0.0000,
        "39": 0.0000,
        "40": 0.0000,
        "41": 0.0000,
        "42": 0.0000,
        "43": 0.0000,
        "44": 0.0000,
        "45": 0.0000,
        "46": 0.0000,
        "47": 0.0000,
        "48": 0.0000,
        "49": 0.0000,
        "50": 0.0000,
        "51": 0.0000,
        "52": 0.0000,
        "53": 0.0000,
        "54": 0.0000,
        "55": 0.0000,
        "56": 0.0000,
        "57": 0.0000,
        "58": 0.0000,
        "59": 0.0000,
        "60": 0.0000,
        "61": 0.0000,
        "62": 0.0000,
        "63": 0.0000,
        "64": 0.0000,
        "65": 0.0000,
        "66": 0.0000,
        "67": 0.0000,
        "68": 0.0000,
        "69": 0.0000,
        "70": 0.0000,
        "71": 0.0000,
        "72": 0.0000,
        "73": 0.0000,
        "74": 0.0000,
        "75": 0.0000,
        "76": 0.0000,
        "77": 0.0000,
        "78": 0.0000,
        "79": 0.0000,
        "80": 0.0000,
        "81": 0.0000,
        "82": 0.0000,
        "83": 0.0000,
        "84": 0.0000,
        "85": 0.0000,
        "86": 0.0000,
        "87": 0.0000,
        "88": 0.0000,
        "89": 0.0000,
        "90": 0.0000,
        "91": 0.0000,
        "92": 0.0000,
        "93": 0.0000,
        "94": 0.0000,
        "95": 0.0000,
        "96": 0.0000,
        "97": 0.0000,
        "98": 0.0000,
        "99": 0.0000,
        "100": 0.0000
    ],
    "python_execution_times": [
        "1": 3e-06,
        "2": 2e-06,
        "3": 3.8e-05,
        "4": 0.001402,
        "5": 6e-06,
        "6": 2e-06,
        "7": 0.009082,
        "8": 0.00035,
        "9": 4e-06,
        "10": 0.061277,
        "11": 0.000447,
        "12": 0.019759,
        "13": 1e-05,
        "14": 0.70151,
        "15": 4e-06,
        "16": 1.9e-05,
        "17": 0.001001,
        "18": 2.5e-05,
        "19": 5.4e-05,
        "20": 1.5e-05,
        "21": 0.023134,
        "22": 0.003901,
        "23": 0.755364,
        "24": 6e-06,
        "25": 4e-06,
        "26": 0.003632,
        "27": 0.024107,
        "28": 3e-06,
        "29": 0.002624,
        "30": 0.212281,
        "31": 4.5e-05,
        "32": 0.010536,
        "33": 0.000413,
        "34": 1.887405,
        "35": 1.317024,
        "36": 0.047263,
        "37": 0.080889,
        "38": 0.000649,
        "39": 8.5e-05,
        "40": 0.017353,
        "41": 4.7e-05,"93": 14.429955,
        "42": 0.008354,
        "43": 0.00024,
        "44": 0.241615,
        "45": 0.005548,
        "46": 0.023679,
        "47": 0.195857,
        "48": 0.000764,
        "49": 0.001663,
        "50": 0.061908,
        "51": 1.400817,
        "52": 0.077122,
        "53": 0.016924,
        "54": 0.037191,
        "55": 0.012579,
        "56": 0.057557,
        "57": 0.000171,
        "58": 1.346264,
        "59": 0.000456,
        "60": 0.456599,
        "61": 0.006529,
        "62": 0.010196,
        "63": 5.5e-05,
        "64": 0.159298,
        "65": 3.9e-05,
        "66": 0.003871,
        "67": 0.001741,
        "68": 0.009216,
        "69": 5e-06,
        "70": 0.641899,
        "71": 0.123476,
        "72": 0.503564,
        "73": 6.84745,
        "76": 0.000312,
        "79": 0.000136,
        "80": 0.006549,
        "81": 0.002973,
        "82": 0.00487,
        "83": 0.012488,
		"86": 4.275243,
        "89": 0.014302,        
		"90": 0.168789,
        "91": 1.467715,
        "92": 5.437032,
		"93": 14.429955,        
		"96": 5.526517,
        "97": 0.757367,
        "98": 1.160362,
        "99": 0.001062,
        "100": 3e-05
    ]
}